<?xml version="1.0" encoding="UTF-8"?>
<GenRun Id="impl_1" LaunchPart="xc7a35tcpg236-1" LaunchTime="1699133114">
  <File Type="ROUTE-PWR" Name="fpga_basicIO_mems_power_routed.rpt"/>
  <File Type="PA-TCL" Name="fpga_basicIO_mems.tcl"/>
  <File Type="ROUTE-PWR-SUM" Name="fpga_basicIO_mems_power_summary_routed.pb"/>
  <File Type="REPORTS-TCL" Name="fpga_basicIO_mems_reports.tcl"/>
  <File Type="BITSTR-MSK" Name="fpga_basicIO_mems.msk"/>
  <File Type="ROUTE-CLK" Name="fpga_basicIO_mems_clock_utilization_routed.rpt"/>
  <File Type="RDI-RDI" Name="fpga_basicIO_mems.vdi"/>
  <File Type="POSTROUTE-PHYSOPT-BUS-SKEW-PB" Name="fpga_basicIO_mems_bus_skew_postroute_physopted.pb"/>
  <File Type="BG-BIT" Name="fpga_basicIO_mems.bit"/>
  <File Type="BG-DRC" Name="fpga_basicIO_mems.drc"/>
  <File Type="BG-BGN" Name="fpga_basicIO_mems.bgn"/>
  <File Type="BG-BIN" Name="fpga_basicIO_mems.bin"/>
  <File Type="BITSTR-RBT" Name="fpga_basicIO_mems.rbt"/>
  <File Type="BITSTR-NKY" Name="fpga_basicIO_mems.nky"/>
  <File Type="BITSTR-BMM" Name="fpga_basicIO_mems_bd.bmm"/>
  <File Type="BITSTR-MMI" Name="fpga_basicIO_mems.mmi"/>
  <File Type="ROUTE-METHODOLOGY-DRC" Name="fpga_basicIO_mems_methodology_drc_routed.rpt"/>
  <File Type="BITSTR-SYSDEF" Name="fpga_basicIO_mems.sysdef"/>
  <File Type="BITSTR-LTX" Name="debug_nets.ltx"/>
  <File Type="BITSTR-LTX" Name="fpga_basicIO_mems.ltx"/>
  <File Type="WBT-USG" Name="usage_statistics_webtalk.html"/>
  <File Type="OPT-DRC" Name="fpga_basicIO_mems_drc_opted.rpt"/>
  <File Type="OPT-HWDEF" Name="fpga_basicIO_mems.hwdef"/>
  <File Type="PLACE-IO" Name="fpga_basicIO_mems_io_placed.rpt"/>
  <File Type="PLACE-UTIL" Name="fpga_basicIO_mems_utilization_placed.rpt"/>
  <File Type="PLACE-UTIL-PB" Name="fpga_basicIO_mems_utilization_placed.pb"/>
  <File Type="PLACE-CTRL" Name="fpga_basicIO_mems_control_sets_placed.rpt"/>
  <File Type="PLACE-PRE-SIMILARITY" Name="fpga_basicIO_mems_incremental_reuse_pre_placed.rpt"/>
  <File Type="ROUTE-DRC" Name="fpga_basicIO_mems_drc_routed.rpt"/>
  <File Type="ROUTE-DRC-PB" Name="fpga_basicIO_mems_drc_routed.pb"/>
  <File Type="ROUTE-PWR-RPX" Name="fpga_basicIO_mems_power_routed.rpx"/>
  <File Type="ROUTE-STATUS" Name="fpga_basicIO_mems_route_status.rpt"/>
  <File Type="ROUTE-STATUS-PB" Name="fpga_basicIO_mems_route_status.pb"/>
  <File Type="ROUTE-DCP" Name="fpga_basicIO_mems_routed.dcp"/>
  <File Type="ROUTE-ERROR-DCP" Name="fpga_basicIO_mems_routed_error.dcp"/>
  <File Type="ROUTE-BLACKBOX-DCP" Name="fpga_basicIO_mems_routed_bb.dcp"/>
  <File Type="ROUTE-TIMINGSUMMARY" Name="fpga_basicIO_mems_timing_summary_routed.rpt"/>
  <File Type="ROUTE-TIMING-PB" Name="fpga_basicIO_mems_timing_summary_routed.pb"/>
  <File Type="ROUTE-TIMING-RPX" Name="fpga_basicIO_mems_timing_summary_routed.rpx"/>
  <File Type="ROUTE-SIMILARITY" Name="fpga_basicIO_mems_incremental_reuse_routed.rpt"/>
  <File Type="ROUTE-BUS-SKEW" Name="fpga_basicIO_mems_bus_skew_routed.rpt"/>
  <File Type="ROUTE-BUS-SKEW-PB" Name="fpga_basicIO_mems_bus_skew_routed.pb"/>
  <File Type="ROUTE-BUS-SKEW-RPX" Name="fpga_basicIO_mems_bus_skew_routed.rpx"/>
  <File Type="OPT-DCP" Name="fpga_basicIO_mems_opt.dcp"/>
  <File Type="PLACE-DCP" Name="fpga_basicIO_mems_placed.dcp"/>
  <File Type="PWROPT-DCP" Name="fpga_basicIO_mems_pwropt.dcp"/>
  <File Type="POSTPLACE-PWROPT-DCP" Name="fpga_basicIO_mems_postplace_pwropt.dcp"/>
  <File Type="PHYSOPT-DCP" Name="fpga_basicIO_mems_physopt.dcp"/>
  <File Type="POSTROUTE-PHYSOPT-DCP" Name="fpga_basicIO_mems_postroute_physopt.dcp"/>
  <File Type="POSTROUTE-PHYSOPT-BLACKBOX-DCP" Name="fpga_basicIO_mems_postroute_physopt_bb.dcp"/>
  <File Type="POSTROUTE-PHYSOPT-TIMING" Name="fpga_basicIO_mems_timing_summary_postroute_physopted.rpt"/>
  <File Type="POSTROUTE-PHYSOPT-TIMING-PB" Name="fpga_basicIO_mems_timing_summary_postroute_physopted.pb"/>
  <File Type="POSTROUTE-PHYSOPT-TIMING-RPX" Name="fpga_basicIO_mems_timing_summary_postroute_physopted.rpx"/>
  <File Type="POSTROUTE-PHYSOPT-BUS-SKEW" Name="fpga_basicIO_mems_bus_skew_postroute_physopted.rpt"/>
  <File Type="POSTROUTE-PHYSOPT-BUS-SKEW-RPX" Name="fpga_basicIO_mems_bus_skew_postroute_physopted.rpx"/>
  <File Type="ROUTE-METHODOLOGY-DRC-PB" Name="fpga_basicIO_mems_methodology_drc_routed.pb"/>
  <File Type="ROUTE-DRC-RPX" Name="fpga_basicIO_mems_drc_routed.rpx"/>
  <File Type="ROUTE-METHODOLOGY-DRC-RPX" Name="fpga_basicIO_mems_methodology_drc_routed.rpx"/>
  <File Type="PDI-FILE" Name="fpga_basicIO_mems.pdi"/>
  <File Type="BOOT-PDI-FILE" Name="fpga_basicIO_mems_soc.pdi"/>
  <File Type="PL-PDI-FILE" Name="fpga_basicIO_mems_pld.pdi"/>
  <File Type="RCFI_FILE" Name="fpga_basicIO_mems.rcfi"/>
  <File Type="CFI_FILE" Name="fpga_basicIO_mems.cfi"/>
  <File Type="RNPI_FILE" Name="fpga_basicIO_mems.rnpi"/>
  <File Type="NPI_FILE" Name="fpga_basicIO_mems.npi"/>
  <File Type="RBD_FILE" Name="fpga_basicIO_mems.rbd"/>
  <File Type="ROUTE-RQS" Name="fpga_basicIO_mems_routed.rqs"/>
  <File Type="POSTROUTE-PHYSOPT-RQS" Name="fpga_basicIO_mems_postroute_physopted.rqs"/>
  <File Type="ROUTE-RQS-RPT" Name="route_report_qor_suggestions_0.rpt"/>
  <File Type="POSTROUTE-PHYSOPT-RQS-RPT" Name="postroute_physopt_report_qor_suggestions_0.rpt"/>
  <FileSet Name="sources" Type="DesignSrcs" RelSrcDir="$PSRCDIR/sources_1" RelGenDir="$PGENDIR/sources_1">
    <Filter Type="Srcs"/>
    <File Path="$PSRCDIR/sources_1/new/Circuit.vhd">
      <FileInfo>
        <Attr Name="ImportPath" Val="$PPRDIR/../../../../../../../../../../../../../../../../../../../../OneDrive - Universidade de Lisboa/Documentos/Faculdade/PSD/Projeto3_limpo/nn_rd_mems.xpr/nn_rd_mems/nn_rd_mems.srcs/sources_1/new/Circuit.vhd"/>
        <Attr Name="ImportTime" Val="1698766633"/>
        <Attr Name="UsedIn" Val="synthesis"/>
        <Attr Name="UsedIn" Val="simulation"/>
      </FileInfo>
    </File>
    <File Path="$PSRCDIR/sources_1/new/ControlUnit.vhd">
      <FileInfo>
        <Attr Name="ImportPath" Val="$PPRDIR/../../../../../../../../../../../../../../../../../../../../OneDrive - Universidade de Lisboa/Documentos/Faculdade/PSD/Projeto3_limpo/nn_rd_mems.xpr/nn_rd_mems/nn_rd_mems.srcs/sources_1/new/ControlUnit.vhd"/>
        <Attr Name="ImportTime" Val="1698769007"/>
        <Attr Name="UsedIn" Val="synthesis"/>
        <Attr Name="UsedIn" Val="simulation"/>
      </FileInfo>
    </File>
    <File Path="$PSRCDIR/sources_1/new/Datapath.vhd">
      <FileInfo>
        <Attr Name="ImportPath" Val="$PPRDIR/../../../../../../../../../../../../../../../../../../../../OneDrive - Universidade de Lisboa/Documentos/Faculdade/PSD/Projeto3_limpo/nn_rd_mems.xpr/nn_rd_mems/nn_rd_mems.srcs/sources_1/new/Datapath.vhd"/>
        <Attr Name="ImportTime" Val="1698848648"/>
        <Attr Name="UsedIn" Val="synthesis"/>
        <Attr Name="UsedIn" Val="simulation"/>
      </FileInfo>
    </File>
    <File Path="$PSRCDIR/sources_1/imports/P3/debouncer.vhd">
      <FileInfo>
        <Attr Name="ImportPath" Val="$PPRDIR/../../../../../../../../../../../../../../../../../../../../../../../../../../../P3/debouncer.vhd"/>
        <Attr Name="ImportTime" Val="1668101145"/>
        <Attr Name="UsedIn" Val="synthesis"/>
        <Attr Name="UsedIn" Val="simulation"/>
      </FileInfo>
    </File>
    <File Path="$PSRCDIR/sources_1/imports/P3/disp7m.vhd">
      <FileInfo>
        <Attr Name="ImportPath" Val="$PPRDIR/../../../../../../../../../../../../../../../../../../../../../../../../../../../P3/disp7m.vhd"/>
        <Attr Name="ImportTime" Val="1696520554"/>
        <Attr Name="UsedIn" Val="synthesis"/>
        <Attr Name="UsedIn" Val="simulation"/>
      </FileInfo>
    </File>
    <File Path="$PSRCDIR/sources_1/imports/P3/mem_acesses.vhd">
      <FileInfo>
        <Attr Name="ImportPath" Val="$PPRDIR/../../../../../../../../../../../../../../../../../../../../../../../../../../../P3/mem_acesses.vhd"/>
        <Attr Name="ImportTime" Val="1696278841"/>
        <Attr Name="UsedIn" Val="synthesis"/>
        <Attr Name="UsedIn" Val="simulation"/>
      </FileInfo>
    </File>
    <File Path="$PSRCDIR/sources_1/imports/P3/fpga_basicIO_mems.vhd">
      <FileInfo>
        <Attr Name="ImportPath" Val="$PPRDIR/../../../../../../../../../../../../../../../../../../../../../../../../../../../P3/fpga_basicIO_mems.vhd"/>
        <Attr Name="ImportTime" Val="1696596147"/>
        <Attr Name="UsedIn" Val="synthesis"/>
        <Attr Name="UsedIn" Val="simulation"/>
      </FileInfo>
    </File>
    <File Path="$PSRCDIR/sources_1/imports/P3/images.coe">
      <FileInfo>
        <Attr Name="ImportPath" Val="$PPRDIR/../../../../../../../../../../../../../../../../../../../../../../../../../../../P3/images.coe"/>
        <Attr Name="ImportTime" Val="1696096227"/>
        <Attr Name="UsedIn" Val="synthesis"/>
        <Attr Name="UsedIn" Val="simulation"/>
      </FileInfo>
    </File>
    <File Path="$PSRCDIR/sources_1/imports/P3/layer1.coe">
      <FileInfo>
        <Attr Name="ImportPath" Val="$PPRDIR/../../../../../../../../../../../../../../../../../../../../../../../../../../../P3/layer1.coe"/>
        <Attr Name="ImportTime" Val="1696782125"/>
        <Attr Name="UsedIn" Val="synthesis"/>
        <Attr Name="UsedIn" Val="simulation"/>
      </FileInfo>
    </File>
    <File Path="$PSRCDIR/sources_1/imports/P3/layer2.coe">
      <FileInfo>
        <Attr Name="ImportPath" Val="$PPRDIR/../../../../../../../../../../../../../../../../../../../../../../../../../../../P3/layer2.coe"/>
        <Attr Name="ImportTime" Val="1696782103"/>
        <Attr Name="UsedIn" Val="synthesis"/>
        <Attr Name="UsedIn" Val="simulation"/>
      </FileInfo>
    </File>
    <File Path="$PSRCDIR/sources_1/imports/P3/q08toBCD.coe">
      <FileInfo>
        <Attr Name="ImportPath" Val="$PPRDIR/../../../../../../../../../../../../../../../../../../../../../../../../../../../P3/q08toBCD.coe"/>
        <Attr Name="ImportTime" Val="1696096082"/>
        <Attr Name="UsedIn" Val="synthesis"/>
        <Attr Name="UsedIn" Val="simulation"/>
      </FileInfo>
    </File>
    <File Path="$PSRCDIR/sources_1/imports/nn_rd_mems/archive_project_summary.txt">
      <FileInfo>
        <Attr Name="ImportPath" Val="$PPRDIR/../../../../archive_project_summary.txt"/>
        <Attr Name="ImportTime" Val="1699032092"/>
      </FileInfo>
    </File>
    <Config>
      <Option Name="DesignMode" Val="RTL"/>
      <Option Name="TopModule" Val="fpga_basicIO_mems"/>
    </Config>
  </FileSet>
  <FileSet Name="constrs_in" Type="Constrs" RelSrcDir="$PSRCDIR/constrs_1" RelGenDir="$PGENDIR/constrs_1">
    <Filter Type="Constrs"/>
    <File Path="$PSRCDIR/constrs_1/imports/P3/Basys3_Master.xdc">
      <FileInfo>
        <Attr Name="ImportPath" Val="$PPRDIR/../../../../../../../../../../../../../../../../../../../../../../../../../../../P3/Basys3_Master.xdc"/>
        <Attr Name="ImportTime" Val="1473790064"/>
        <Attr Name="UsedIn" Val="synthesis"/>
        <Attr Name="UsedIn" Val="implementation"/>
      </FileInfo>
    </File>
    <Config>
      <Option Name="ConstrsType" Val="XDC"/>
    </Config>
  </FileSet>
  <FileSet Name="utils" Type="Utils" RelSrcDir="$PSRCDIR/utils_1" RelGenDir="$PGENDIR/utils_1">
    <Filter Type="Utils"/>
    <Config>
      <Option Name="TopAutoSet" Val="TRUE"/>
    </Config>
  </FileSet>
  <Strategy Version="1" Minor="2">
    <StratHandle Name="Vivado Implementation Defaults" Flow="Vivado Implementation 2023"/>
    <Step Id="init_design"/>
    <Step Id="opt_design"/>
    <Step Id="power_opt_design"/>
    <Step Id="place_design"/>
    <Step Id="post_place_power_opt_design"/>
    <Step Id="phys_opt_design"/>
    <Step Id="route_design"/>
    <Step Id="post_route_phys_opt_design"/>
    <Step Id="write_bitstream"/>
    <Step Id="write_device_image"/>
  </Strategy>
  <BlockFileSet Type="BlockSrcs" Name="images_mem"/>
  <BlockFileSet Type="BlockSrcs" Name="weights1"/>
  <BlockFileSet Type="BlockSrcs" Name="weights2"/>
  <BlockFileSet Type="BlockSrcs" Name="Q08toBCD"/>
</GenRun>
