<?xml version="1.0" encoding="UTF-8"?>
<GenRun Id="synth_1" LaunchPart="xc7a35tcpg236-1" LaunchTime="1699030271" LaunchWriteIncrSynthDcp="true">
  <File Type="PA-TCL" Name="fpga_basicIO_mems.tcl"/>
  <File Type="REPORTS-TCL" Name="fpga_basicIO_mems_reports.tcl"/>
  <File Type="RDS-RDS" Name="fpga_basicIO_mems.vds"/>
  <File Type="RDS-UTIL" Name="fpga_basicIO_mems_utilization_synth.rpt"/>
  <File Type="RDS-UTIL-PB" Name="fpga_basicIO_mems_utilization_synth.pb"/>
  <File Type="RDS-DCP" Name="fpga_basicIO_mems.dcp"/>
  <FileSet Name="sources" Type="DesignSrcs" RelSrcDir="$PSRCDIR/sources_1" RelGenDir="$PGENDIR/sources_1">
    <Filter Type="Srcs"/>
    <File Path="$PSRCDIR/sources_1/new/Circuit.vhd">
      <FileInfo>
        <Attr Name="ImportPath" Val="$PPRDIR/../../../../../../../../../../../../../../../../OneDrive - Universidade de Lisboa/Documentos/Faculdade/PSD/Projeto3_limpo/nn_rd_mems.xpr/nn_rd_mems/nn_rd_mems.srcs/sources_1/new/Circuit.vhd"/>
        <Attr Name="ImportTime" Val="1698766633"/>
        <Attr Name="UsedIn" Val="synthesis"/>
        <Attr Name="UsedIn" Val="simulation"/>
      </FileInfo>
    </File>
    <File Path="$PSRCDIR/sources_1/new/ControlUnit.vhd">
      <FileInfo>
        <Attr Name="ImportPath" Val="$PPRDIR/../../../../../../../../../../../../../../../../OneDrive - Universidade de Lisboa/Documentos/Faculdade/PSD/Projeto3_limpo/nn_rd_mems.xpr/nn_rd_mems/nn_rd_mems.srcs/sources_1/new/ControlUnit.vhd"/>
        <Attr Name="ImportTime" Val="1698769007"/>
        <Attr Name="UsedIn" Val="synthesis"/>
        <Attr Name="UsedIn" Val="simulation"/>
      </FileInfo>
    </File>
    <File Path="$PSRCDIR/sources_1/new/Datapath.vhd">
      <FileInfo>
        <Attr Name="ImportPath" Val="$PPRDIR/../../../../../../../../../../../../../../../../OneDrive - Universidade de Lisboa/Documentos/Faculdade/PSD/Projeto3_limpo/nn_rd_mems.xpr/nn_rd_mems/nn_rd_mems.srcs/sources_1/new/Datapath.vhd"/>
        <Attr Name="ImportTime" Val="1698848648"/>
        <Attr Name="UsedIn" Val="synthesis"/>
        <Attr Name="UsedIn" Val="simulation"/>
      </FileInfo>
    </File>
    <File Path="$PSRCDIR/sources_1/imports/P3/debouncer.vhd">
      <FileInfo>
        <Attr Name="ImportPath" Val="$PPRDIR/../../../../../../../../../../../../../../../../../../../../../../../P3/debouncer.vhd"/>
        <Attr Name="ImportTime" Val="1668101145"/>
        <Attr Name="UsedIn" Val="synthesis"/>
        <Attr Name="UsedIn" Val="simulation"/>
      </FileInfo>
    </File>
    <File Path="$PSRCDIR/sources_1/imports/P3/disp7m.vhd">
      <FileInfo>
        <Attr Name="ImportPath" Val="$PPRDIR/../../../../../../../../../../../../../../../../../../../../../../../P3/disp7m.vhd"/>
        <Attr Name="ImportTime" Val="1696520554"/>
        <Attr Name="UsedIn" Val="synthesis"/>
        <Attr Name="UsedIn" Val="simulation"/>
      </FileInfo>
    </File>
    <File Path="$PSRCDIR/sources_1/imports/P3/mem_acesses.vhd">
      <FileInfo>
        <Attr Name="ImportPath" Val="$PPRDIR/../../../../../../../../../../../../../../../../../../../../../../../P3/mem_acesses.vhd"/>
        <Attr Name="ImportTime" Val="1696278841"/>
        <Attr Name="UsedIn" Val="synthesis"/>
        <Attr Name="UsedIn" Val="simulation"/>
      </FileInfo>
    </File>
    <File Path="$PSRCDIR/sources_1/imports/P3/fpga_basicIO_mems.vhd">
      <FileInfo>
        <Attr Name="ImportPath" Val="$PPRDIR/../../../../../../../../../../../../../../../../../../../../../../../P3/fpga_basicIO_mems.vhd"/>
        <Attr Name="ImportTime" Val="1696596147"/>
        <Attr Name="UsedIn" Val="synthesis"/>
        <Attr Name="UsedIn" Val="simulation"/>
      </FileInfo>
    </File>
    <File Path="$PSRCDIR/sources_1/imports/P3/images.coe">
      <FileInfo>
        <Attr Name="ImportPath" Val="$PPRDIR/../../../../../../../../../../../../../../../../../../../../../../../P3/images.coe"/>
        <Attr Name="ImportTime" Val="1696096227"/>
        <Attr Name="UsedIn" Val="synthesis"/>
        <Attr Name="UsedIn" Val="simulation"/>
      </FileInfo>
    </File>
    <File Path="$PSRCDIR/sources_1/imports/P3/layer1.coe">
      <FileInfo>
        <Attr Name="ImportPath" Val="$PPRDIR/../../../../../../../../../../../../../../../../../../../../../../../P3/layer1.coe"/>
        <Attr Name="ImportTime" Val="1696782125"/>
        <Attr Name="UsedIn" Val="synthesis"/>
        <Attr Name="UsedIn" Val="simulation"/>
      </FileInfo>
    </File>
    <File Path="$PSRCDIR/sources_1/imports/P3/layer2.coe">
      <FileInfo>
        <Attr Name="ImportPath" Val="$PPRDIR/../../../../../../../../../../../../../../../../../../../../../../../P3/layer2.coe"/>
        <Attr Name="ImportTime" Val="1696782103"/>
        <Attr Name="UsedIn" Val="synthesis"/>
        <Attr Name="UsedIn" Val="simulation"/>
      </FileInfo>
    </File>
    <File Path="$PSRCDIR/sources_1/imports/P3/q08toBCD.coe">
      <FileInfo>
        <Attr Name="ImportPath" Val="$PPRDIR/../../../../../../../../../../../../../../../../../../../../../../../P3/q08toBCD.coe"/>
        <Attr Name="ImportTime" Val="1696096082"/>
        <Attr Name="UsedIn" Val="synthesis"/>
        <Attr Name="UsedIn" Val="simulation"/>
      </FileInfo>
    </File>
    <File Path="$PSRCDIR/sources_1/imports/nn_rd_mems/archive_project_summary.txt">
      <FileInfo>
        <Attr Name="ImportPath" Val="$PPRDIR/../../../../../../../../../../project3_1/nn_rd_mems/archive_project_summary.txt"/>
        <Attr Name="ImportTime" Val="1699021983"/>
      </FileInfo>
    </File>
    <Config>
      <Option Name="DesignMode" Val="RTL"/>
      <Option Name="TopModule" Val="fpga_basicIO_mems"/>
    </Config>
  </FileSet>
  <FileSet Name="constrs_in" Type="Constrs" RelSrcDir="$PSRCDIR/constrs_1" RelGenDir="$PGENDIR/constrs_1">
    <Filter Type="Constrs"/>
    <File Path="$PSRCDIR/constrs_1/imports/P3/Basys3_Master.xdc">
      <FileInfo>
        <Attr Name="ImportPath" Val="$PPRDIR/../../../../../../../../../../../../../../../../../../../../../../../P3/Basys3_Master.xdc"/>
        <Attr Name="ImportTime" Val="1473790064"/>
        <Attr Name="UsedIn" Val="synthesis"/>
        <Attr Name="UsedIn" Val="implementation"/>
      </FileInfo>
    </File>
    <Config>
      <Option Name="ConstrsType" Val="XDC"/>
    </Config>
  </FileSet>
  <FileSet Name="utils" Type="Utils" RelSrcDir="$PSRCDIR/utils_1" RelGenDir="$PGENDIR/utils_1">
    <Filter Type="Utils"/>
    <Config>
      <Option Name="TopAutoSet" Val="TRUE"/>
    </Config>
  </FileSet>
  <Strategy Version="1" Minor="2">
    <StratHandle Name="Vivado Synthesis Defaults" Flow="Vivado Synthesis 2023"/>
    <Step Id="synth_design"/>
  </Strategy>
  <BlockFileSet Type="BlockSrcs" Name="weights1"/>
  <BlockFileSet Type="BlockSrcs" Name="images_mem"/>
  <BlockFileSet Type="BlockSrcs" Name="Q08toBCD"/>
  <BlockFileSet Type="BlockSrcs" Name="weights2"/>
</GenRun>
