<?xml version="1.0" encoding="UTF-8"?>
<GenRun Id="images_mem_synth_1" LaunchPart="xc7a35tcpg236-1" LaunchTime="1699132954">
  <File Type="PA-TCL" Name="images_mem.tcl"/>
  <File Type="REPORTS-TCL" Name="images_mem_reports.tcl"/>
  <File Type="RDS-RDS" Name="images_mem.vds"/>
  <File Type="RDS-UTIL" Name="images_mem_utilization_synth.rpt"/>
  <File Type="RDS-UTIL-PB" Name="images_mem_utilization_synth.pb"/>
  <File Type="RDS-DCP" Name="images_mem.dcp"/>
  <FileSet Name="sources" Type="BlockSrcs" RelSrcDir="$PSRCDIR/images_mem" RelGenDir="$PGENDIR/images_mem">
    <File Path="$PSRCDIR/sources_1/ip/images_mem/images_mem.xci">
      <FileInfo>
        <Attr Name="ImportPath" Val="$PPRDIR/../../../../../../../../../../../../../../../../../../../../../../../../../../../PrSD/nn_rd_mems/nn_rd_mems.srcs/sources_1/ip/images_mem/images_mem.xci"/>
        <Attr Name="ImportTime" Val="1696782230"/>
        <Attr Name="UsedIn" Val="synthesis"/>
        <Attr Name="UsedIn" Val="implementation"/>
        <Attr Name="UsedIn" Val="simulation"/>
      </FileInfo>
    </File>
    <Config>
      <Option Name="TopModule" Val="images_mem"/>
      <Option Name="UseBlackboxStub" Val="1"/>
    </Config>
  </FileSet>
  <FileSet Name="constrs_in" Type="BlockSrcs" RelSrcDir="$PSRCDIR/images_mem" RelGenDir="$PGENDIR/images_mem">
    <File Path="$PSRCDIR/sources_1/ip/images_mem/images_mem.xci">
      <FileInfo>
        <Attr Name="ImportPath" Val="$PPRDIR/../../../../../../../../../../../../../../../../../../../../../../../../../../../PrSD/nn_rd_mems/nn_rd_mems.srcs/sources_1/ip/images_mem/images_mem.xci"/>
        <Attr Name="ImportTime" Val="1696782230"/>
        <Attr Name="UsedIn" Val="synthesis"/>
        <Attr Name="UsedIn" Val="implementation"/>
        <Attr Name="UsedIn" Val="simulation"/>
      </FileInfo>
    </File>
    <Config>
      <Option Name="TopModule" Val="images_mem"/>
      <Option Name="UseBlackboxStub" Val="1"/>
    </Config>
  </FileSet>
  <FileSet Name="utils" Type="Utils" RelSrcDir="$PSRCDIR/utils_1" RelGenDir="$PGENDIR/utils_1">
    <Filter Type="Utils"/>
    <Config>
      <Option Name="TopAutoSet" Val="TRUE"/>
    </Config>
  </FileSet>
  <Strategy Version="1" Minor="2">
    <StratHandle Name="Vivado Synthesis Defaults" Flow="Vivado Synthesis 2023"/>
    <Step Id="synth_design"/>
  </Strategy>
</GenRun>
