<?xml version="1.0" encoding="UTF-8"?>
<GenRun Id="Q08toBCD_synth_1" LaunchPart="xc7a35tcpg236-1" LaunchTime="1699132956">
  <File Type="PA-TCL" Name="Q08toBCD.tcl"/>
  <File Type="REPORTS-TCL" Name="Q08toBCD_reports.tcl"/>
  <File Type="RDS-RDS" Name="Q08toBCD.vds"/>
  <File Type="RDS-UTIL" Name="Q08toBCD_utilization_synth.rpt"/>
  <File Type="RDS-UTIL-PB" Name="Q08toBCD_utilization_synth.pb"/>
  <File Type="RDS-DCP" Name="Q08toBCD.dcp"/>
  <FileSet Name="sources" Type="BlockSrcs" RelSrcDir="$PSRCDIR/Q08toBCD" RelGenDir="$PGENDIR/Q08toBCD">
    <File Path="$PSRCDIR/sources_1/ip/Q08toBCD/Q08toBCD.xci">
      <FileInfo>
        <Attr Name="ImportPath" Val="$PPRDIR/../../../../../../../../../../../../../../../../../../../../../../../../../../../PrSD/nn_rd_mems/nn_rd_mems.srcs/sources_1/ip/Q08toBCD/Q08toBCD.xci"/>
        <Attr Name="ImportTime" Val="1696607866"/>
        <Attr Name="UsedIn" Val="synthesis"/>
        <Attr Name="UsedIn" Val="implementation"/>
        <Attr Name="UsedIn" Val="simulation"/>
      </FileInfo>
    </File>
    <Config>
      <Option Name="TopModule" Val="Q08toBCD"/>
      <Option Name="UseBlackboxStub" Val="1"/>
    </Config>
  </FileSet>
  <FileSet Name="constrs_in" Type="BlockSrcs" RelSrcDir="$PSRCDIR/Q08toBCD" RelGenDir="$PGENDIR/Q08toBCD">
    <File Path="$PSRCDIR/sources_1/ip/Q08toBCD/Q08toBCD.xci">
      <FileInfo>
        <Attr Name="ImportPath" Val="$PPRDIR/../../../../../../../../../../../../../../../../../../../../../../../../../../../PrSD/nn_rd_mems/nn_rd_mems.srcs/sources_1/ip/Q08toBCD/Q08toBCD.xci"/>
        <Attr Name="ImportTime" Val="1696607866"/>
        <Attr Name="UsedIn" Val="synthesis"/>
        <Attr Name="UsedIn" Val="implementation"/>
        <Attr Name="UsedIn" Val="simulation"/>
      </FileInfo>
    </File>
    <Config>
      <Option Name="TopModule" Val="Q08toBCD"/>
      <Option Name="UseBlackboxStub" Val="1"/>
    </Config>
  </FileSet>
  <FileSet Name="utils" Type="Utils" RelSrcDir="$PSRCDIR/utils_1" RelGenDir="$PGENDIR/utils_1">
    <Filter Type="Utils"/>
    <Config>
      <Option Name="TopAutoSet" Val="TRUE"/>
    </Config>
  </FileSet>
  <Strategy Version="1" Minor="2">
    <StratHandle Name="Vivado Synthesis Defaults" Flow="Vivado Synthesis 2023"/>
    <Step Id="synth_design"/>
  </Strategy>
</GenRun>
